"condition","pc_prag","g","mean_strength","mean_strength_low","mean_strength_high","p_ge_ja","p_ge_ja_low","p_ge_ja_high","p_bek","p_bek_low","p_bek_high"
"pc_prag:low | g:low","low","low",2.10586237255552,1.98059802553961,2.22842719314652,0.731003988141003,0.666958138380105,0.790695807615238,0.374858384414517,0.308055666530066,0.444189702281583
"pc_prag:low | g:high","low","high",2.38179821606454,2.2658346076389,2.49494860503913,0.846699093652756,0.797719530403102,0.889825239293209,0.535099122411789,0.461786877682201,0.609615301361783
"pc_prag:high | g:low","high","low",2.15790765708226,2.02912178786947,2.2778164556213,0.754775965874123,0.692153301956273,0.809782949430472,0.403131691208141,0.333076531839859,0.474947212673746
"pc_prag:high | g:high","high","high",2.2147644064749,2.08888462232831,2.33682547695038,0.779702858287222,0.721685976198461,0.8345138528077,0.435061548187672,0.364205888208518,0.507036606824285
