"outcome","marker","pc_prag","mean","lower","upper"
"Inferred goal strength","soviel ich weiß","low",65.5667873364426,60.1322864578782,70.8346425356889
"Inferred goal strength","soviel ich weiß","high",62.124023335973,56.0512075565912,67.8982646556265
"Inferred goal strength","ja","low",72.8447386595304,67.0773531257566,78.2560824162696
"Inferred goal strength","ja","high",75.4127480990297,71.200315849714,79.4193271678637
"Inferred goal strength","bekanntlich","low",74.2858282237577,70.2342596025912,78.1662967529371
"Inferred goal strength","bekanntlich","high",72.8375087026058,67.0676657930821,78.1822089331231
