"parameter","estimate","conf.low","conf.high"
"eta_0",6.91776179031613,-9.07048921802617,23.684617161743
"eta_g",-13.1179882197372,-46.3529164502865,18.8976609956348
"eta_pc",46.0782358679612,-61.8758205071433,158.676695662762
"eta_int",-90.7340803998736,-315.459592831286,126.158241032916
