"outcome","marker","pc_prag","mean","lower","upper"
"Adoption likelihood","soviel ich weiß","low",0.555851071232057,0.499382381776745,0.611040336259074
"Adoption likelihood","soviel ich weiß","high",0.516161468395053,0.459275905933172,0.573372918125317
"Adoption likelihood","ja","low",0.564724844491929,0.516795857234649,0.611396512786271
"Adoption likelihood","ja","high",0.531740798872032,0.481737680298795,0.579190131382609
"Adoption likelihood","bekanntlich","low",0.573452968020171,0.521739098251298,0.623124848995686
"Adoption likelihood","bekanntlich","high",0.547108024980295,0.480651318643993,0.609547709538762
