"parameter","estimate","conf.low","conf.high"
"eta_0",6.91776179031613,-9.34396695728549,22.4009588120161
"eta_g",-13.1179882197372,-43.9998650168046,19.32972522408
"eta_pc",46.0782358679612,-63.563330236701,151.386452104865
"eta_int",-90.7340803998736,-299.721087134599,129.19603287845
