"outcome","marker","pc_prag","mean","lower","upper"
"Inferred goal strength","soviel ich weiß","low",0.648074879182446,0.604414621567807,0.691626534049532
"Inferred goal strength","soviel ich weiß","high",0.640466040043354,0.596291771170765,0.68575786892908
"Inferred goal strength","ja","low",0.694648509945894,0.65841312521779,0.729032819483591
"Inferred goal strength","ja","high",0.69854030801451,0.662655730820366,0.732740380598517
"Inferred goal strength","bekanntlich","low",0.737568774160571,0.7010970225343,0.771427551108739
"Inferred goal strength","bekanntlich","high",0.75069063448607,0.702026360808602,0.791771946333473
