"outcome","marker","pc_prag","mean","lower","upper"
"Adoption likelihood","soviel ich weiß","low",52.06410781056,43.2872025744058,60.8167988583554
"Adoption likelihood","soviel ich weiß","high",47.3365588646165,38.4610625990427,56.774186371919
"Adoption likelihood","ja","low",65.6862459238591,56.3343971038771,74.4200137747123
"Adoption likelihood","ja","high",53.7751440273976,45.3475109785315,61.8508403498272
"Adoption likelihood","bekanntlich","low",56.893495805273,48.8804718451285,64.8162194562853
"Adoption likelihood","bekanntlich","high",50.9016013975464,41.1045731755305,60.6162180762436
